model,ece,mce
logreg_cal,0.0602478113906712,0.6214045918947584
rf_cal,0.0620088240982695,0.6652988861326172
xgb,0.07251685885238478,0.6223260164260864
lgbm,0.08691745868375787,0.7420132772944812
iso_forest,0.12136409367366369,0.49993276748346593
