model,pr_auc,threshold,recall,precision,fpr,confusion_matrix,metrics
logreg_cal,0.7654114875825878,0.09042852659937776,0.75,0.6818181818181818,0.047619047619047616,"{'TP': 30, 'FP': 14, 'TN': 280, 'FN': 10}","{'precision': 0.6818181818181818, 'recall': 0.75, 'f1_score': 0.7142857142857143, 'accuracy': 0.9281437125748503, 'fpr': 0.047619047619047616}"
rf_cal,0.7186069719991164,0.08001250072982709,0.85,0.7555555555555555,0.03741496598639456,"{'TP': 34, 'FP': 11, 'TN': 283, 'FN': 6}","{'precision': 0.7555555555555555, 'recall': 0.85, 'f1_score': 0.7999999999999998, 'accuracy': 0.9491017964071856, 'fpr': 0.03741496598639456}"
lgbm,0.6742264670054621,0.025329812237510435,0.575,0.6216216216216216,0.047619047619047616,"{'TP': 23, 'FP': 14, 'TN': 280, 'FN': 17}","{'precision': 0.6216216216216216, 'recall': 0.575, 'f1_score': 0.5974025974025973, 'accuracy': 0.907185628742515, 'fpr': 0.047619047619047616}"
xgb,0.5694639920283062,0.20150837302207947,0.475,0.5757575757575758,0.047619047619047616,"{'TP': 19, 'FP': 14, 'TN': 280, 'FN': 21}","{'precision': 0.5757575757575758, 'recall': 0.475, 'f1_score': 0.5205479452054794, 'accuracy': 0.8952095808383234, 'fpr': 0.047619047619047616}"
iso_forest,0.41243084098691696,0.6022479865295621,0.375,0.5172413793103449,0.047619047619047616,"{'TP': 15, 'FP': 14, 'TN': 280, 'FN': 25}","{'precision': 0.5172413793103449, 'recall': 0.375, 'f1_score': 0.4347826086956522, 'accuracy': 0.8832335329341318, 'fpr': 0.047619047619047616}"
