pattern,n_total,n_positive,pr_auc,threshold,used_fallback,recall,precision,fpr,confusion_matrix,metrics
short_4_10m_3gal,261,16,0.4594481409643106,0.09042852659937752,False,0.4375,0.4117647058823529,0.04081632653061224,"{'TP': 7, 'FP': 10, 'TN': 235, 'FN': 9}","{'precision': 0.4117647058823529, 'recall': 0.4375, 'f1_score': 0.42424242424242425, 'accuracy': 0.9272030651340997, 'fpr': 0.04081632653061224}"
extended_15m_6gal,53,6,0.9166666666666665,0.17783166471600093,False,0.8333333333333334,0.8333333333333334,0.02127659574468085,"{'TP': 5, 'FP': 1, 'TN': 46, 'FN': 1}","{'precision': 0.8333333333333334, 'recall': 0.8333333333333334, 'f1_score': 0.8333333333333334, 'accuracy': 0.9622641509433962, 'fpr': 0.02127659574468085}"
postjourney_off,20,18,0.9256920663138414,0.24051190492971236,False,0.4444444444444444,1.0,0.0,"{'TP': 8, 'FP': 0, 'TN': 2, 'FN': 10}","{'precision': 1.0, 'recall': 0.4444444444444444, 'f1_score': 0.6153846153846153, 'accuracy': 0.5, 'fpr': 0.0}"
