{
  "dataset": "WOL991_julio_2025",
  "n_eventos": 45,
  "n_alertas": 9,
  "precision": 0.3333333333333333,
  "recall": 0.75,
  "f1_score": 0.46153846153846156,
  "accuracy": 0.8444444444444444,
  "fpr": 0.14634146341463414,
  "pr_auc": 0.32948179271708683,
  "roc_auc": 0.7804878048780488,
  "tp": 3,
  "fp": 6,
  "tn": 35,
  "fn": 1
}