pattern,model_type,n_train,n_pos_train,n_test,n_pos_test,pr_auc,threshold,target_fpr,actual_fpr,precision,recall
extended_15m_6gal,xgboost,144,9,53,6,0.7069805194805194,0.3202972412109375,0.05,0.06382978723404255,0.4,0.3333333333333333
short_4_10m_3gal,xgboost,788,38,261,16,0.483986523736685,0.1597440093755722,0.03,0.044897959183673466,0.3125,0.3125
postjourney_off,random_forest,39,13,20,18,0.9117136065020482,0.6240014885880372,0.1,0.0,1.0,0.05555555555555555
